Well,Muestra,Condicion,Rep_bio,Target_dominante,Dye,Copias_uL,Conc_otro_target,Pct_otro,Accepted Droplets,Positives,RNA_ngul,Copias_por_ng_RNA
A01,mut1 c- 1,c-,1,1,FAM,2567.7271,5.6143,0.2186,16594,14723,0.7000,3668.1815
A02,mut1 c- 1,c-,1,1,FAM,2450.2500,5.4799,0.2236,15924,13940,0.7000,3500.3571
A03,mut1 c- 2,c-,2,1,FAM,1840.1255,6.2328,0.3387,17790,14067,0.6200,2967.9443
A04,mut1 c- 2,c-,2,1,FAM,1998.2389,5.6901,0.2848,12850,10499,0.6200,3222.9660
A05,#13 1 1,#13 1NM,1,1,FAM,633.4773,1.9814,0.3128,14262,5938,0.5200,1218.2256
A06,#13 1 1,#13 1NM,1,1,FAM,781.0237,2.1104,0.2702,14507,7038,0.5200,1501.9686
A07,#13 1 2,#13 1NM,2,1,FAM,1784.7520,21.7806,1.2204,18481,14427,0.8000,2230.9399
A08,#13 1 2,#13 1NM,2,1,FAM,1873.6478,24.8411,1.3258,16608,13230,0.8000,2342.0598
A09,"#13 0,5 1","#13 0,5NM",1,1,FAM,1312.7106,6.6516,0.5067,7627,5128,0.5200,2524.4434
A10,"#13 0,5 1","#13 0,5NM",1,1,FAM,1420.5311,5.9366,0.4179,8543,5989,0.5200,2731.7906
A11,"#13 0,5 2","#13 0,5NM",2,1,FAM,1599.7585,48.5211,3.0330,8118,6034,0.7900,2025.0108
A12,"#13 0,5 2","#13 0,5NM",2,1,FAM,1874.3512,53.2702,2.8421,7635,6083,0.7900,2372.5965
