Well,Muestra,Genotipo,Condicion,Target_dominante,Dye,Copias_uL,Conc_otro_target,Pct_otro,Accepted Droplets,Positives,RNA_uL,Copias_por_uL_RNA
A01,WT2 #13 1NM,WT2,#13 1NM,2,VIC,1531.0685,2.3077,0.1507,12247,8914,1.5000,1020.7123
A02,WT2 #13 1NM,WT2,#13 1NM,2,VIC,1151.0319,2.5944,0.2254,14527,9066,1.3000,885.4091
A03,"WT2 #13 0,5NM",WT2,"#13 0,5NM",2,VIC,1744.1235,3.7388,0.2144,17334,13398,1.4600,1194.6052
A04,"WT2 #13 0,5NM",WT2,"#13 0,5NM",2,VIC,1775.1820,3.0546,0.1721,16197,12615,1.6800,1056.6560
A05,MUT1 #13 1NM,MUT1,#13 1NM,1,FAM,1497.3129,4.0382,0.2697,14300,10295,1.2100,1237.4486
A06,MUT1 #13 1NM,MUT1,#13 1NM,1,FAM,26.5477,0.6664,2.5104,17658,394,1.0500,25.2835
A07,"MUT1 #13 0,5NM",MUT1,"#13 0,5NM",1,FAM,2473.3889,11.3596,0.4593,15610,13703,1.4000,1766.7064
A08,"MUT1 #13 0,5NM",MUT1,"#13 0,5NM",1,FAM,1534.7485,43.4733,2.8326,15905,11590,1.5300,1003.1036
A09,wt2 c-1,WT2,c-,2,VIC,1247.4783,2.4720,0.1982,9052,5917,1.4850,840.0527
A10,wt2 c-1,WT2,c-,2,VIC,1828.7667,2.8711,0.1570,17231,13590,1.6400,1115.1017
A11,mut1 c- 1,MUT1,c-,1,FAM,3986.9431,7.7676,0.1948,18995,18354,1.4700,2712.2062
A12,mut1 c- 1,MUT1,c-,1,FAM,2373.5728,8.4916,0.3578,15017,13020,1.1750,2020.0619
