Metrica,A06,Genotipo,Condicion,fold,SD,n
sin corregir,con A06,WT2,#13 1NM,0.8719,0.2912,2
sin corregir,con A06,WT2,"#13 0,5NM",1.1440,0.3061,2
sin corregir,con A06,MUT1,#13 1NM,0.2396,0.3381,2
sin corregir,con A06,MUT1,"#13 0,5NM",0.6302,0.3077,2
sin corregir,sin A06,WT2,#13 1NM,0.8719,0.2912,2
sin corregir,sin A06,WT2,"#13 0,5NM",1.1440,0.3061,2
sin corregir,sin A06,MUT1,#13 1NM,0.4708,,1
sin corregir,sin A06,MUT1,"#13 0,5NM",0.6302,0.3077,2
por RNA,con A06,WT2,#13 1NM,0.9749,0.2173,2
por RNA,con A06,WT2,"#13 0,5NM",1.1514,0.2499,2
por RNA,con A06,MUT1,#13 1NM,0.2668,0.3664,2
por RNA,con A06,MUT1,"#13 0,5NM",0.5853,0.2583,2
por RNA,sin A06,WT2,#13 1NM,0.9749,0.2173,2
por RNA,sin A06,WT2,"#13 0,5NM",1.1514,0.2499,2
por RNA,sin A06,MUT1,#13 1NM,0.5230,,1
por RNA,sin A06,MUT1,"#13 0,5NM",0.5853,0.2583,2
