Exp,Genotipo,Condicion,Rep,Pocillos,Cop,RNA,RNA_u,CopRNA,Nota,sin_vs_media,sin_vs_par,sin_menos_media,sin_menos_par,RNA_vs_media,RNA_vs_par,RNA_menos_media,RNA_menos_par
E1 (01-oct),MUT1,c-,1,A11,3986.9431,1.4700,µL,2712.2062,,1.2537,1.0000,0.7977,1.0000,1.1463,1.0000,0.8724,1.0000
E1 (01-oct),MUT1,c-,2,A12,2373.5728,1.1750,µL,2020.0619,,0.7463,1.0000,1.3399,1.0000,0.8537,1.0000,1.1713,1.0000
E1 (01-oct),MUT1,"#13 0,5NM",1,A07,2473.3889,1.4000,µL,1766.7064,,0.7777,0.6204,1.2858,1.6119,0.7467,0.6514,1.3393,1.5352
E1 (01-oct),MUT1,"#13 0,5NM",2,A08,1534.7485,1.5300,µL,1003.1036,,0.4826,0.6466,2.0722,1.5466,0.4239,0.4966,2.3588,2.0138
E1 (01-oct),MUT1,#13 1NM,1,A05,1497.3129,1.2100,µL,1237.4486,,0.4708,0.3756,2.1240,2.6627,0.5230,0.4563,1.9121,2.1918
E1 (01-oct),MUT1,#13 1NM,2,A06,26.5477,1.0500,µL,25.2835,atípico (¿fallo técnico?),0.0083,0.0112,119.7941,89.4079,0.0107,0.0125,93.5841,79.8965
E1 (01-oct),WT2,c-,1,A09,1247.4783,1.4850,µL,840.0527,,0.8110,1.0000,1.2330,1.0000,0.8593,1.0000,1.1637,1.0000
E1 (01-oct),WT2,c-,2,A10,1828.7667,1.6400,µL,1115.1017,,1.1890,1.0000,0.8411,1.0000,1.1407,1.0000,0.8767,1.0000
E1 (01-oct),WT2,"#13 0,5NM",1,A03,1744.1235,1.4600,µL,1194.6052,,1.1339,1.3981,0.8819,0.7152,1.2220,1.4221,0.8183,0.7032
E1 (01-oct),WT2,"#13 0,5NM",2,A04,1775.1820,1.6800,µL,1056.6560,,1.1541,0.9707,0.8665,1.0302,1.0809,0.9476,0.9252,1.0553
E1 (01-oct),WT2,#13 1NM,1,A01,1531.0685,1.5000,µL,1020.7123,,0.9954,1.2273,1.0046,0.8148,1.0441,1.2151,0.9577,0.8230
E1 (01-oct),WT2,#13 1NM,2,A02,1151.0319,1.3000,µL,885.4091,,0.7483,0.6294,1.3363,1.5888,0.9057,0.7940,1.1041,1.2594
E2 (08-oct),MUT1,c-,1,"A01,A02",2508.9886,0.7000,ng/µL,3584.2693,,1.1332,1.0000,0.8825,1.0000,1.0732,1.0000,0.9318,1.0000
E2 (08-oct),MUT1,c-,2,"A03,A04",1919.1822,0.6200,ng/µL,3095.4551,,0.8668,1.0000,1.1537,1.0000,0.9268,1.0000,1.0790,1.0000
E2 (08-oct),MUT1,"#13 0,5NM",1,"A09,A10",1366.6209,0.5200,ng/µL,2628.1170,,0.6172,0.5447,1.6201,1.8359,0.7869,0.7332,1.2708,1.3638
E2 (08-oct),MUT1,"#13 0,5NM",2,"A11,A12",1737.0548,0.7900,ng/µL,2198.8036,,0.7845,0.9051,1.2746,1.1048,0.6584,0.7103,1.5189,1.4078
E2 (08-oct),MUT1,#13 1NM,1,"A05,A06",707.2505,0.5200,ng/µL,1360.0971,,0.3194,0.2819,3.1306,3.5475,0.4072,0.3795,2.4556,2.6353
E2 (08-oct),MUT1,#13 1NM,2,"A07,A08",1829.1999,0.8000,ng/µL,2286.4999,,0.8262,0.9531,1.2104,1.0492,0.6846,0.7387,1.4607,1.3538
